{
    "model": "TF-IDF + LogisticRegression",
    "accuracy": 0.9233226837060703,
    "metrics": {
        "negative": {
            "precision": 0.9322033898305084,
            "recall": 0.9322033898305084,
            "f1-score": 0.9322033898305084,
            "support": 59.0
        },
        "neutral": {
            "precision": 0.8787878787878788,
            "recall": 0.8285714285714286,
            "f1-score": 0.8529411764705882,
            "support": 70.0
        },
        "positive": {
            "precision": 0.9361702127659575,
            "recall": 0.9565217391304348,
            "f1-score": 0.946236559139785,
            "support": 184.0
        },
        "accuracy": 0.9233226837060703,
        "macro avg": {
            "precision": 0.9157204937947815,
            "recall": 0.9057655191774572,
            "f1-score": 0.9104603751469605,
            "support": 313.0
        },
        "weighted avg": {
            "precision": 0.92258936314405,
            "recall": 0.9233226837060703,
            "f1-score": 0.9227265470755962,
            "support": 313.0
        }
    }
}